Keyword,Cluster,Intent,Priority,Funnel Stage,Rationale
ai role play sales training,AI Sales Roleplay Training,informational,high,mofu,Users seeking knowledge on AI sales roleplay training
ai role play sales training free,AI Sales Roleplay Training,informational,high,mofu,Users seeking knowledge on AI sales roleplay training
ai sales training role play,AI Sales Roleplay Training,informational,high,mofu,Users seeking knowledge on AI sales roleplay training
ai sales training software,AI Sales Roleplay Training,informational,medium,mofu,Users seeking knowledge on AI sales roleplay training
ai sales roleplay software,AI Sales Roleplay Tools and Software,commercial,high,bofu,Users looking for AI sales roleplay tools and software
ai sales roleplay tools,AI Sales Roleplay Tools and Software,commercial,high,bofu,Users looking for AI sales roleplay tools and software
ai sales roleplay app,AI Sales Roleplay Tools and Software,commercial,high,bofu,Users looking for AI sales roleplay tools and software
ai sales roleplay bot,AI Sales Roleplay Tools and Software,commercial,high,bofu,Users looking for AI sales roleplay tools and software
AI sales call practice,AI Sales Roleplay Practice and Training,transactional,high,bofu,Users seeking to practice and improve AI sales roleplay skills
AI sales call practice free,AI Sales Roleplay Practice and Training,transactional,high,bofu,Users seeking to practice and improve AI sales roleplay skills
AI sales role play free,AI Sales Roleplay Practice and Training,transactional,high,bofu,Users seeking to practice and improve AI sales roleplay skills
AI sales roleplay training,AI Sales Roleplay Practice and Training,transactional,high,bofu,Users seeking to practice and improve AI sales roleplay skills
ai alternative free,AI Sales Roleplay Alternatives and Free Options,informational,high,tofu,Users seeking alternatives or free options for AI sales roleplay
ai sales roleplay free,AI Sales Roleplay Alternatives and Free Options,informational,high,tofu,Users seeking alternatives or free options for AI sales roleplay
Agentforce Sales Coach,AI Sales Roleplay for Sales Coaching,commercial,high,bofu,Users seeking AI sales roleplay for sales coaching
AI sales trainer,AI Sales Roleplay for Sales Coaching,commercial,high,bofu,Users seeking AI sales roleplay for sales coaching
ai sales roleplay reddit,AI Sales Roleplay Community and Resources,informational,medium,tofu,Users seeking community and resources for AI sales roleplay
best ai sales roleplay,AI Sales Roleplay,informational,high,tofu,"Users searching for AI sales roleplay tools and software are likely in the awareness stage, looking for information on the topic."
best ai sales roleplay software,AI Sales Roleplay,informational,high,tofu,"Users searching for AI sales roleplay tools and software are likely in the awareness stage, looking for information on the topic."
best ai sales roleplay tools,AI Sales Roleplay,informational,high,tofu,"Users searching for AI sales roleplay tools and software are likely in the awareness stage, looking for information on the topic."
alternatives to beautiful.ai,AI Sales Roleplay,informational,high,tofu,"Users searching for AI sales roleplay tools and software are likely in the awareness stage, looking for information on the topic."
how to coach a sales team,Sales Coaching and Training,informational,medium,mofu,"Users searching for sales coaching and training are likely in the awareness stage, looking for information on the topic."
how to coach a salesperson,Sales Coaching and Training,informational,medium,mofu,"Users searching for sales coaching and training are likely in the awareness stage, looking for information on the topic."
how to become a sales coach,Sales Coaching and Training,informational,medium,mofu,"Users searching for sales coaching and training are likely in the awareness stage, looking for information on the topic."
Free AI sales training,Sales Coaching and Training,informational,medium,tofu,"Users searching for sales coaching and training are likely in the awareness stage, looking for information on the topic."
Free sales training for saas,Sales Coaching and Training,informational,medium,tofu,"Users searching for sales coaching and training are likely in the awareness stage, looking for information on the topic."
Best sales coaching at scale,Sales Coaching and Training,informational,high,mofu,"Users searching for sales coaching and training are likely in the awareness stage, looking for information on the topic."
Best sales practice tool,Sales Coaching and Training,informational,high,mofu,"Users searching for sales coaching and training are likely in the awareness stage, looking for information on the topic."
Best sales training for saas,Sales Coaching and Training,informational,high,mofu,"Users searching for sales coaching and training are likely in the awareness stage, looking for information on the topic."
Aspireship SaaS sales foundations,SaaS Sales and Enablement,commercial,high,mofu,"Users searching for SaaS sales and enablement are likely in the consideration stage, looking for solutions to improve their sales performance."
B2B SaaS sales course free,SaaS Sales and Enablement,commercial,medium,tofu,"Users searching for SaaS sales and enablement are likely in the consideration stage, looking for solutions to improve their sales performance."
Best saas sales certification,SaaS Sales and Enablement,commercial,high,mofu,"Users searching for SaaS sales and enablement are likely in the consideration stage, looking for solutions to improve their sales performance."
G2 sales enablement,SaaS Sales and Enablement,commercial,medium,tofu,"Users searching for SaaS sales and enablement are likely in the consideration stage, looking for solutions to improve their sales performance."
how to improve conversion rate in Google Ads,Conversion Rate Optimization,transactional,high,bofu,"Users searching for conversion rate optimization are likely in the decision stage, looking for solutions to improve their sales performance."
how to improve conversion in retail store,Conversion Rate Optimization,transactional,high,bofu,"Users searching for conversion rate optimization are likely in the decision stage, looking for solutions to improve their sales performance."
how to increase conversion rate in retail store,Conversion Rate Optimization,transactional,high,bofu,"Users searching for conversion rate optimization are likely in the decision stage, looking for solutions to improve their sales performance."
how to increase conversion rate Shopify,Conversion Rate Optimization,transactional,high,tofu,"Users searching for conversion rate optimization are likely in the decision stage, looking for solutions to improve their sales performance."
how to increase sales conversion rate,Conversion Rate Optimization,transactional,high,tofu,"Users searching for conversion rate optimization are likely in the decision stage, looking for solutions to improve their sales performance."
how to increase sales conversion rate on ebay,Conversion Rate Optimization,transactional,high,tofu,"Users searching for conversion rate optimization are likely in the decision stage, looking for solutions to improve their sales performance."
improve conversion rate,Conversion Rate Optimization,transactional,high,tofu,"Users searching for conversion rate optimization are likely in the decision stage, looking for solutions to improve their sales performance."
improve conversion rate on website,Conversion Rate Optimization,transactional,high,tofu,"Users searching for conversion rate optimization are likely in the decision stage, looking for solutions to improve their sales performance."
improve sales conversion rate examples,Conversion Rate Optimization,transactional,medium,mofu,"Users searching for conversion rate optimization are likely in the decision stage, looking for solutions to improve their sales performance."
how much do saas sales reps make,Sales Performance and Compensation,informational,medium,tofu,"Users searching for sales performance and compensation are likely in the awareness stage, looking for information on the topic."
how to increase sales conversion rate,Sales Conversion Rate Improvement,commercial,high,tofu,Improving sales conversion rate through various methods
improve sales conversion rate examples,Sales Conversion Rate Improvement,commercial,medium,mofu,Improving sales conversion rate through various methods
Increase conversion rate meaning,Sales Conversion Rate Improvement,commercial,low,tofu,Improving sales conversion rate through various methods
how to learn saas sales,SaaS Sales Learning,informational,high,tofu,Learning about SaaS sales strategies
Hyperbound AI,Hyperbound AI,transactional,high,bofu,Researching Hyperbound AI alternatives and competitors
Hyperbound alternative cost,Hyperbound AI,transactional,high,bofu,Researching Hyperbound AI alternatives and competitors
Hyperbound alternative free,Hyperbound AI,transactional,high,bofu,Researching Hyperbound AI alternatives and competitors
Hyperbound alternative reddit,Hyperbound AI,transactional,medium,mofu,Researching Hyperbound AI alternatives and competitors
Hyperbound alternative reviews,Hyperbound AI,transactional,medium,mofu,Researching Hyperbound AI alternatives and competitors
Hyperbound alternative reviews,Hyperbound AI,transactional,medium,mofu,Researching Hyperbound AI alternatives and competitors
Hyperbound alternative reviews,Hyperbound AI,transactional,medium,mofu,Researching Hyperbound AI alternatives and competitors
Hyperbound alternatives,Hyperbound AI,transactional,high,bofu,Researching Hyperbound AI alternatives and competitors
Hyperbound competitors,Hyperbound AI,transactional,high,bofu,Researching Hyperbound AI alternatives and competitors
Hyperbound login,Hyperbound AI,transactional,low,tofu,Researching Hyperbound AI alternatives and competitors
Hyperbound reddit,Hyperbound AI,transactional,medium,mofu,Researching Hyperbound AI alternatives and competitors
Hyperbound reviews,Hyperbound AI,transactional,medium,mofu,Researching Hyperbound AI alternatives and competitors
Ramp time in BiPAP,BiPAP Ramp Time,informational,low,tofu,Understanding BiPAP ramp time
Sales Coach Apple,Sales Coaching,informational,high,mofu,Understanding sales coaching concepts and strategies
Sales coaching at scale pdf,Sales Coaching,informational,high,mofu,Understanding sales coaching concepts and strategies
Sales coaching certification,Sales Coaching,informational,high,bofu,Understanding sales coaching concepts and strategies
Sales coaching examples,Sales Coaching,informational,medium,tofu,Understanding sales coaching concepts and strategies
Sales coaching jobs,Sales Coaching,informational,medium,tofu,Understanding sales coaching concepts and strategies
Sales coaching programs,Sales Coaching,informational,high,mofu,Understanding sales coaching concepts and strategies
Sales coaching software,Sales Coaching,informational,high,bofu,Understanding sales coaching concepts and strategies
Sales enablement best practices,Sales Enablement,informational,high,mofu,Understanding sales enablement strategies and best practices
Sales enablement Framework,Sales Enablement,informational,high,mofu,Understanding sales enablement strategies and best practices
Sales enablement programs,Sales Enablement,informational,high,tofu,Understanding sales enablement strategies and best practices
Sales enablement technology,Sales Enablement,informational,high,tofu,Understanding sales enablement strategies and best practices
Sales management tools and techniques,Sales Enablement,informational,medium,tofu,Understanding sales enablement strategies and best practices
SaaS sales Academy,SaaS Sales Training,transactional,high,mofu,Finding SaaS sales training resources and certifications
SaaS sales bootcamp,SaaS Sales Training,transactional,high,mofu,Finding SaaS sales training resources and certifications
SaaS sales courses free,SaaS Sales Training,transactional,medium,tofu,Finding SaaS sales training resources and certifications
SaaS sales process,SaaS Sales Training,transactional,medium,tofu,Finding SaaS sales training resources and certifications
SaaS sales training certification,SaaS Sales Training,transactional,high,bofu,Finding SaaS sales training resources and certifications
SaaS sales training free,SaaS Sales Training,transactional,medium,tofu,Finding SaaS sales training resources and certifications
SaaS sales training programs,SaaS Sales Training,transactional,high,mofu,Finding SaaS sales training resources and certifications
Sales conversion rate calculator,Sales Conversion Rate,transactional,high,bofu,Calculating and improving sales conversion rates
Sales conversion rate formula,Sales Conversion Rate,transactional,high,bofu,Calculating and improving sales conversion rates
Ramp up time,Sales Roleplay,commercial,low,tofu,Finding AI sales roleplay products
Sales course for saas,Sales Roleplay,commercial,low,tofu,Finding AI sales roleplay products
Sales practice AI,Sales Practice and Training,informational,high,mofu,Improving sales skills through practice and training
sales practice app,Sales Practice and Training,informational,high,mofu,Improving sales skills through practice and training
sales practice exercises,Sales Practice and Training,informational,high,mofu,Improving sales skills through practice and training
sales practice quiz,Sales Practice and Training,informational,high,mofu,Improving sales skills through practice and training
sales practice test,Sales Practice and Training,informational,high,mofu,Improving sales skills through practice and training
Sales practice tool free,Sales Practice and Training,informational,high,tofu,Improving sales skills through practice and training
sales professional tools,Sales Readiness,informational,medium,tofu,Defining and achieving sales readiness
sales readiness definition,Sales Readiness,informational,high,tofu,Defining and achieving sales readiness
Sales readiness platform certification,Sales Readiness,informational,high,bofu,Defining and achieving sales readiness
Sales readiness platform reviews,Sales Readiness,informational,high,bofu,Defining and achieving sales readiness
Sales readiness platform training,Sales Readiness,informational,high,bofu,Defining and achieving sales readiness
sales readiness tools,Sales Readiness,informational,high,mofu,Defining and achieving sales readiness
Sales roleplay app,Sales Roleplay and Simulation,transactional,high,mofu,Using roleplay and simulation for sales training
sales simulation examples,Sales Roleplay and Simulation,transactional,high,mofu,Using roleplay and simulation for sales training
sales simulation program,Sales Roleplay and Simulation,transactional,high,mofu,Using roleplay and simulation for sales training
Sales simulation software free,Sales Roleplay and Simulation,transactional,high,tofu,Using roleplay and simulation for sales training
sales simulator,Sales Roleplay and Simulation,transactional,high,mofu,Using roleplay and simulation for sales training
sales training for saas online,Sales Training and Tools,informational,high,tofu,Users searching for sales training and tools are likely in the awareness stage of their sales team's development.
sales training tools,Sales Training and Tools,informational,high,tofu,Users searching for sales training and tools are likely in the awareness stage of their sales team's development.
Salesforce Sales Coach,Sales Training and Tools,informational,medium,mofu,Users searching for sales training and tools are likely in the awareness stage of their sales team's development.
Scale sales team indeed,Scaling Sales Teams,commercial,high,mofu,Users searching for scaling sales teams are likely in the consideration stage of their sales team's development and have a strong commercial intent.
Scale sales teams company,Scaling Sales Teams,commercial,high,mofu,Users searching for scaling sales teams are likely in the consideration stage of their sales team's development and have a strong commercial intent.
Scale sales teams Houston,Scaling Sales Teams,commercial,medium,mofu,Users searching for scaling sales teams are likely in the consideration stage of their sales team's development and have a strong commercial intent.
Scale sales teams job,Scaling Sales Teams,commercial,medium,mofu,Users searching for scaling sales teams are likely in the consideration stage of their sales team's development and have a strong commercial intent.
Scale Sales Teams Kyle Rodgers,Scaling Sales Teams,commercial,low,tofu,Users searching for scaling sales teams are likely in the consideration stage of their sales team's development and have a strong commercial intent.
Second nature ai alternative reddit,Second Nature AI Alternatives,transactional,high,bofu,Users searching for Second Nature AI alternatives are likely in the decision stage of their sales team's development and have a strong commercial intent.
Second nature ai alternative reviews,Second Nature AI Alternatives,transactional,high,bofu,Users searching for Second Nature AI alternatives are likely in the decision stage of their sales team's development and have a strong commercial intent.
second nature ai alternatives,Second Nature AI Alternatives,transactional,high,bofu,Users searching for Second Nature AI alternatives are likely in the decision stage of their sales team's development and have a strong commercial intent.
second nature ai app,Second Nature AI Alternatives,transactional,medium,mofu,Users searching for Second Nature AI alternatives are likely in the decision stage of their sales team's development and have a strong commercial intent.
second nature ai competitors,Second Nature AI Alternatives,transactional,medium,mofu,Users searching for Second Nature AI alternatives are likely in the decision stage of their sales team's development and have a strong commercial intent.
second nature ai cost,Second Nature AI Alternatives,transactional,medium,mofu,Users searching for Second Nature AI alternatives are likely in the decision stage of their sales team's development and have a strong commercial intent.
Second Nature AI login,Second Nature AI Login and Support,navigational,high,tofu,Users searching for Second Nature AI login and support are likely looking for a specific feature or functionality of the product.
second nature ai reddit,Second Nature AI Login and Support,navigational,medium,tofu,Users searching for Second Nature AI login and support are likely looking for a specific feature or functionality of the product.
second nature ai reviews,Second Nature AI Login and Support,navigational,medium,tofu,Users searching for Second Nature AI login and support are likely looking for a specific feature or functionality of the product.
Second Nature AI role play,Second Nature AI Login and Support,navigational,medium,mofu,Users searching for Second Nature AI login and support are likely looking for a specific feature or functionality of the product.
second nature ai tool,Second Nature AI Login and Support,navigational,medium,mofu,Users searching for Second Nature AI login and support are likely looking for a specific feature or functionality of the product.
Second Nature sales training,Sales Training and Readiness,informational,high,mofu,Understanding sales training and readiness for AI sales roleplay
what is sales readiness,Sales Training and Readiness,informational,high,tofu,Understanding sales training and readiness for AI sales roleplay
what is sales conversion rate,Sales Training and Readiness,informational,medium,tofu,Understanding sales training and readiness for AI sales roleplay
what is conversion rate in sales,Sales Training and Readiness,informational,medium,tofu,Understanding sales training and readiness for AI sales roleplay
Secondnature AI,AI Sales Roleplay and Simulation,commercial,high,bofu,Exploring AI sales roleplay and simulation for sales training
simulation software companies,AI Sales Roleplay and Simulation,commercial,medium,tofu,Exploring AI sales roleplay and simulation for sales training
simulation software price,AI Sales Roleplay and Simulation,commercial,medium,mofu,Exploring AI sales roleplay and simulation for sales training
types of sales tools,Sales Tools and Alternatives,transactional,medium,tofu,Researching sales tools and alternatives for AI sales roleplay
vast.ai alternatives,Sales Tools and Alternatives,transactional,high,mofu,Researching sales tools and alternatives for AI sales roleplay
